{"cameraMode":{"drawMode":0,"name":"Shaded","section":"Shading Mode"},"sceneLighting":true,"audioPlay":false,"sceneViewState":{"m_AlwaysRefresh":false,"showFog":true,"showSkybox":true,"showFlares":true,"showImageEffects":true,"showParticleSystems":true,"showVisualEffectGraphs":true,"m_FxEnabled":true},"in2DMode":false,"pivot":{"x":3.9765748977661135,"y":6.55356502532959,"z":67.68828582763672},"rotation":{"x":0.009379813447594643,"y":0.03901797533035278,"z":0.0035504053812474014,"w":0.9992318749427795},"size":46.81475067138672,"orthographic":false}