{"cameraMode":{"drawMode":0,"name":"Shaded","section":"Shading Mode"},"sceneLighting":true,"audioPlay":false,"sceneViewState":{"m_AlwaysRefresh":false,"showFog":true,"showSkybox":true,"showFlares":true,"showImageEffects":true,"showParticleSystems":true,"showVisualEffectGraphs":true,"m_FxEnabled":true},"in2DMode":false,"pivot":{"x":0.28441476821899416,"y":-11.569147109985352,"z":68.44188690185547},"rotation":{"x":-0.1095745712518692,"y":-0.019247515127062799,"z":-0.001698561361990869,"w":-0.9938982725143433},"size":46.81475067138672,"orthographic":false}