{"cameraMode":{"drawMode":0,"name":"Shaded","section":"Shading Mode"},"sceneLighting":true,"audioPlay":false,"sceneViewState":{"m_AlwaysRefresh":false,"showFog":true,"showSkybox":true,"showFlares":true,"showImageEffects":true,"showParticleSystems":true,"showVisualEffectGraphs":true,"m_FxEnabled":true},"in2DMode":false,"pivot":{"x":1.0166995525360108,"y":-1.5984083414077759,"z":43.4592170715332},"rotation":{"x":-0.08711981773376465,"y":0.0013849388342350722,"z":-0.004055631812661886,"w":-0.9962879419326782},"size":32.33584213256836,"orthographic":false}