{"cameraMode":{"drawMode":0,"name":"Shaded","section":"Shading Mode"},"sceneLighting":false,"audioPlay":false,"sceneViewState":{"m_AlwaysRefresh":false,"showFog":true,"showSkybox":false,"showFlares":true,"showImageEffects":true,"showParticleSystems":true,"showVisualEffectGraphs":true,"m_FxEnabled":true},"in2DMode":false,"pivot":{"x":0.000009664422577770893,"y":0.000017967493477044627,"z":-0.00006054331606719643},"rotation":{"x":-0.051966939121484759,"y":0.9429299235343933,"z":0.1818321943283081,"w":0.2752135694026947},"size":0.000017320508050033823,"orthographic":false}